,features,score
0,pro,0.44741783173520716
1,vaccine,0.2883966348076276
2,covid,0.24021583694690066
3,coronavirus,0.10855242598960128
4,covid19,0.09481887221309043
5,people,0.07590427135491318
6,nt,0.07369937482988409
7,antivaxxer,0.06960617828815982
8,like,0.0616189193328946
9,virus,0.05454061185077206
10,say,0.044414612735364366
11,world,0.042794036730994
12,flu,0.04175979355540358
13,need,0.04008176751445142
14,vaccination,0.0364437696962862
