,features,score
0,pro,0.4182674052437041
1,vaccine,0.2823103930101465
2,covid,0.2362028886019807
3,coronavirus,0.11040687028041711
4,antivaxxer,0.08931709772238142
5,covid19,0.08894255529636212
6,nt,0.08498442445135469
7,people,0.07892985488616833
8,like,0.06626973536560829
9,virus,0.05562864260085882
10,flu,0.046287827696232325
11,say,0.043949861070810885
12,world,0.042956377087140646
13,vaccination,0.0389095054976277
14,going,0.037429116950064345
