,features,score
0,vaccine,0.3885582413749604
1,vaccineswork,0.37006490239201634
2,covid19,0.34007955087198505
3,coronavirus,0.2879898352598502
4,antivaxxer,0.05756674106591879
5,need,0.04602241629263188
6,flu,0.041083391649435884
7,going,0.0395059787673893
8,covid,0.03619851720454516
9,people,0.03353518222626175
10,like,0.03346855134105628
11,say,0.03177255247970223
12,virus,0.03048716661625529
13,world,0.028945227244210312
14,nt,0.02767815726855158
