,features,score
0,antivax,0.41190158289173767
1,vaccination,0.21221631340053126
2,vaccine,0.1941611844223886
3,coronavirus,0.190271854689128
4,covid19,0.1849816236421426
5,antivaxxers,0.10120415007609695
6,covid,0.10007605326095628
7,vaccineswork,0.08689603418214868
8,come,0.06678800087583596
9,people,0.06434001072277581
10,nt,0.047918827048376446
11,going,0.04312859833020758
12,world,0.04200374436508188
13,like,0.02896215360729387
14,say,0.025859529480974707
