,features,score
0,antivax,0.3296438843472137
1,vaccine,0.21396274705023113
2,coronavirus,0.1859159470063133
3,covid19,0.1536438463247584
4,vaccination,0.1364474885396531
5,antivaxxer,0.10399414740297315
6,covid,0.09370553089757479
7,antivaxxers,0.08286038259363153
8,people,0.07649007751095308
9,nt,0.07216486167607876
10,vaccineswork,0.06099684458089499
11,come,0.05917984044029349
12,like,0.05719939027977254
13,going,0.054261253340773224
14,flu,0.04931745189670337
