,features,score
0,vaccineswork,0.42403948612516684
1,vaccine,0.3965554345634639
2,covid19,0.3780294592609667
3,coronavirus,0.3018047695345796
4,covid,0.0370145626179306
5,vaccination,0.03604175292559517
6,need,0.0338922716962414
7,going,0.03210006259180527
8,antivaxxers,0.03167166083521645
9,virus,0.029474158972936194
10,world,0.02422448012542409
11,people,0.021962363627388033
12,say,0.021201996911626046
13,flu,0.01964254166399165
14,come,0.017439908415018537
