,features,score
0,vaccineswork,0.42497349380385663
1,vaccine,0.39686795650997564
2,covid19,0.37801402907857556
3,coronavirus,0.30164543340270056
4,covid,0.03709609249153838
5,vaccination,0.03612114004657666
6,need,0.033966924277070126
7,going,0.03217076757548766
8,antivaxxers,0.031741422202694894
9,virus,0.02953908002794266
10,world,0.024277838011162914
11,people,0.02201073887766862
12,say,0.021248697345352095
13,flu,0.01968580717426476
14,come,0.017478322310205803
