,features,score
0,antivax,0.3305090913927444
1,vaccine,0.21385590263081664
2,coronavirus,0.1854219117664148
3,covid19,0.15303652108659097
4,vaccination,0.1368056184308333
5,antivaxxer,0.10426709792109118
6,covid,0.09395147717289651
7,antivaxxers,0.08307786391277493
8,people,0.07669083886924954
9,nt,0.07024323175434985
10,vaccineswork,0.061156941285831726
11,come,0.05933516810549111
12,like,0.05734951991305278
13,going,0.05440367132854428
14,flu,0.04944689402766585
